unix_time,datetime,cpu_usage_percent,temperature_c,cpu_freq_mhz
1520605617.078117,2018-03-09 14:26:57,23.32,37.5,1900.0
1520605618.0794265,2018-03-09 14:26:58,0.0,36.95,1500.0
1520605619.0806792,2018-03-09 14:26:59,0.0,36.4,1500.0
1520605620.0819087,2018-03-09 14:27:00,0.0,36.95,1500.0
1520605621.0831258,2018-03-09 14:27:01,0.0,36.95,1500.0
1520605622.0843637,2018-03-09 14:27:02,0.0,36.95,1500.0
1520605623.085571,2018-03-09 14:27:03,0.0,36.4,1500.0
1520605624.0867755,2018-03-09 14:27:04,0.0,37.5,1500.0
1520605625.087988,2018-03-09 14:27:05,6.0,38.05,1500.0
1520605626.0893574,2018-03-09 14:27:06,51.63,38.6,2400.0
1520605627.0907428,2018-03-09 14:27:07,56.25,39.7,2400.0
1520605628.0925245,2018-03-09 14:27:08,45.25,40.25,2400.0
1520605629.0955663,2018-03-09 14:27:09,46.1,41.9,2400.0
1520605630.0987184,2018-03-09 14:27:10,45.39,41.35,2400.0
1520605631.1016889,2018-03-09 14:27:11,41.15,41.35,2400.0
1520605632.1030827,2018-03-09 14:27:12,47.16,40.8,1500.0
1520605633.1044981,2018-03-09 14:27:13,59.25,41.9,1500.0
1520605634.1059604,2018-03-09 14:27:14,55.28,41.9,2400.0
1520605635.1075096,2018-03-09 14:27:15,44.86,42.45,2400.0
1520605636.1103237,2018-03-09 14:27:16,50.12,43.0,2400.0
1520605637.1128917,2018-03-09 14:27:17,43.0,43.0,2400.0
1520605638.1142879,2018-03-09 14:27:18,40.66,42.45,1500.0
1520605639.1158347,2018-03-09 14:27:19,48.24,41.35,1500.0
1520605640.1172633,2018-03-09 14:27:20,53.75,42.45,1500.0
1520605641.118694,2018-03-09 14:27:21,55.39,43.0,2400.0
1520605642.1202183,2018-03-09 14:27:22,48.12,43.0,2400.0
1520605643.124344,2018-03-09 14:27:23,50.62,44.65,2400.0
1520605644.124922,2018-03-09 14:27:24,44.75,42.45,2400.0
1520605645.1271236,2018-03-09 14:27:25,40.1,43.0,2400.0
1520605646.128538,2018-03-09 14:27:26,47.26,42.45,1500.0
1520605647.1299891,2018-03-09 14:27:27,55.97,42.45,1500.0
1520605648.1314263,2018-03-09 14:27:28,56.47,44.65,2400.0
1520605649.133096,2018-03-09 14:27:29,46.37,44.65,2400.0
1520605650.136918,2018-03-09 14:27:30,48.23,45.2,2400.0
1520605651.1384647,2018-03-09 14:27:31,47.25,45.75,2400.0
1520605652.1401243,2018-03-09 14:27:32,44.25,44.65,2400.0
1520605653.1408947,2018-03-09 14:27:33,43.95,44.1,2400.0
1520605654.14232,2018-03-09 14:27:34,46.75,42.45,1500.0
1520605655.1437416,2018-03-09 14:27:35,56.0,43.55,1500.0
1520605656.1449013,2018-03-09 14:27:36,57.04,45.75,2400.0
1520605657.146458,2018-03-09 14:27:37,44.36,46.85,2400.0
1520605658.1490395,2018-03-09 14:27:38,49.38,45.75,2400.0
1520605659.1557062,2018-03-09 14:27:39,46.04,44.65,2400.0
1520605660.1597977,2018-03-09 14:27:40,41.81,45.2,2400.0
1520605661.1608915,2018-03-09 14:27:41,44.61,43.55,1500.0
1520605662.1623108,2018-03-09 14:27:42,57.54,44.1,1500.0
1520605663.1637497,2018-03-09 14:27:43,52.72,45.2,2400.0
1520605664.1651032,2018-03-09 14:27:44,43.36,45.75,2400.0
1520605665.1690123,2018-03-09 14:27:45,51.74,46.85,2400.0
1520605666.1709332,2018-03-09 14:27:46,45.75,45.75,2400.0
1520605667.1723044,2018-03-09 14:27:47,41.1,45.2,2400.0
1520605668.1737385,2018-03-09 14:27:48,47.38,44.1,1500.0
1520605669.1751666,2018-03-09 14:27:49,56.61,44.65,1500.0
1520605670.1766274,2018-03-09 14:27:50,55.97,45.75,2400.0
1520605671.1782408,2018-03-09 14:27:51,45.02,45.75,2400.0
1520605672.1807857,2018-03-09 14:27:52,49.0,45.75,2400.0
1520605673.1825027,2018-03-09 14:27:53,44.39,46.3,2400.0
1520605674.1839147,2018-03-09 14:27:54,41.46,45.2,1500.0
1520605675.185453,2018-03-09 14:27:55,47.15,44.65,1500.0
1520605676.1868846,2018-03-09 14:27:56,54.98,44.1,1500.0
1520605677.1883,2018-03-09 14:27:57,54.41,46.3,2400.0
1520605678.1890829,2018-03-09 14:27:58,45.02,46.85,2400.0
1520605679.1926825,2018-03-09 14:27:59,51.24,46.85,2400.0
1520605680.1949923,2018-03-09 14:28:00,46.4,46.85,2400.0
1520605681.1963787,2018-03-09 14:28:01,43.61,46.3,2400.0
1520605682.1978543,2018-03-09 14:28:02,42.89,45.75,1900.0
1520605683.2001538,2018-03-09 14:28:03,49.63,45.2,1500.0
1520605684.2015722,2018-03-09 14:28:04,55.5,45.2,1500.0
1520605685.2030103,2018-03-09 14:28:05,53.12,46.3,2400.0
1520605686.204586,2018-03-09 14:28:06,45.23,45.75,2400.0
1520605687.2073169,2018-03-09 14:28:07,50.75,47.4,2400.0
1520605688.20877,2018-03-09 14:28:08,44.17,45.2,2400.0
1520605689.2101662,2018-03-09 14:28:09,41.9,45.2,2200.0
1520605690.2116466,2018-03-09 14:28:10,50.25,45.2,1500.0
1520605691.2130656,2018-03-09 14:28:11,55.33,44.1,2100.0
1520605692.2144463,2018-03-09 14:28:12,53.88,46.3,2400.0
1520605693.216065,2018-03-09 14:28:13,46.15,46.85,2400.0
1520605694.219517,2018-03-09 14:28:14,51.49,46.85,2400.0
1520605695.2214181,2018-03-09 14:28:15,46.78,46.85,2400.0
1520605696.223375,2018-03-09 14:28:16,41.85,46.3,2400.0
1520605697.2249582,2018-03-09 14:28:17,43.5,44.1,1700.0
1520605698.227642,2018-03-09 14:28:18,52.13,45.2,1500.0
1520605699.2290628,2018-03-09 14:28:19,55.84,46.3,2300.0
1520605700.2305827,2018-03-09 14:28:20,49.0,46.3,2400.0
1520605701.2345166,2018-03-09 14:28:21,49.12,47.4,2400.0
1520605702.2396474,2018-03-09 14:28:22,46.29,46.85,2400.0
1520605703.2447538,2018-03-09 14:28:23,40.7,45.75,2400.0
1520605704.246203,2018-03-09 14:28:24,42.75,45.2,1800.0
1520605705.2476954,2018-03-09 14:28:25,52.9,45.2,1500.0
1520605706.248995,2018-03-09 14:28:26,56.28,45.75,2400.0
1520605707.2507982,2018-03-09 14:28:27,45.96,46.3,2400.0
1520605708.2553277,2018-03-09 14:28:28,51.61,47.4,2100.0
1520605709.2569377,2018-03-09 14:28:29,43.83,46.85,2400.0
1520605710.2592318,2018-03-09 14:28:30,40.3,45.2,2400.0
1520605711.2606463,2018-03-09 14:28:31,49.25,44.1,1500.0
1520605712.2620819,2018-03-09 14:28:32,55.86,46.85,2300.0
1520605713.263598,2018-03-09 14:28:33,55.16,47.4,2400.0
1520605714.2674255,2018-03-09 14:28:34,44.91,47.4,2400.0
1520605715.2701404,2018-03-09 14:28:35,49.13,47.4,2400.0
1520605716.2730343,2018-03-09 14:28:36,45.5,45.75,2400.0
1520605717.2799096,2018-03-09 14:28:37,41.54,46.3,2400.0
1520605718.2813528,2018-03-09 14:28:38,50.25,45.2,1500.0
1520605719.2827766,2018-03-09 14:28:39,56.75,45.75,1500.0
1520605720.284455,2018-03-09 14:28:40,53.13,47.4,2400.0
1520605721.2885017,2018-03-09 14:28:41,45.61,46.85,2400.0
1520605722.2900784,2018-03-09 14:28:42,50.0,47.4,2400.0
1520605723.2914493,2018-03-09 14:28:43,44.5,47.4,2400.0
1520605724.2928455,2018-03-09 14:28:44,42.68,46.85,2400.0
1520605725.2942953,2018-03-09 14:28:45,47.99,45.75,1500.0
1520605726.2957244,2018-03-09 14:28:46,56.03,45.2,1500.0
1520605727.2969003,2018-03-09 14:28:47,55.61,47.95,2400.0
1520605728.2984028,2018-03-09 14:28:48,43.64,47.4,2400.0
1520605729.3009293,2018-03-09 14:28:49,48.49,47.4,2400.0
1520605730.303902,2018-03-09 14:28:50,45.27,46.3,2400.0
1520605731.3073359,2018-03-09 14:28:51,42.11,47.4,2400.0
1520605732.3087804,2018-03-09 14:28:52,45.25,45.75,1500.0
1520605733.3104038,2018-03-09 14:28:53,56.08,45.2,1500.0
1520605734.3118277,2018-03-09 14:28:54,53.75,46.85,2400.0
1520605735.313128,2018-03-09 14:28:55,48.13,46.85,2400.0
1520605736.3161695,2018-03-09 14:28:56,45.29,46.3,2400.0
1520605737.3169775,2018-03-09 14:28:57,46.91,47.4,2400.0
1520605738.3190382,2018-03-09 14:28:58,42.0,46.85,2400.0
1520605739.3205328,2018-03-09 14:28:59,44.67,46.3,1500.0
1520605740.3221931,2018-03-09 14:29:00,53.25,45.75,1500.0
1520605741.3236277,2018-03-09 14:29:01,55.53,46.85,2300.0
1520605742.3250766,2018-03-09 14:29:02,49.13,47.4,2400.0
1520605743.3295171,2018-03-09 14:29:03,47.24,47.4,2400.0
1520605744.332789,2018-03-09 14:29:04,47.65,47.4,2400.0
1520605745.3352857,2018-03-09 14:29:05,45.2,47.4,2400.0
1520605746.3368897,2018-03-09 14:29:06,43.5,46.85,2400.0
1520605747.3385096,2018-03-09 14:29:07,45.27,46.3,1800.0
1520605748.34103,2018-03-09 14:29:08,51.01,46.3,1500.0
1520605749.342452,2018-03-09 14:29:09,54.75,46.3,1500.0
1520605750.3441012,2018-03-09 14:29:10,53.22,47.4,2400.0
1520605751.3480673,2018-03-09 14:29:11,44.75,47.4,2400.0
1520605752.3489842,2018-03-09 14:29:12,48.13,47.95,2400.0
1520605753.3507192,2018-03-09 14:29:13,41.85,47.95,2400.0
1520605754.3521028,2018-03-09 14:29:14,41.0,45.75,2400.0
1520605755.353523,2018-03-09 14:29:15,54.25,45.2,1500.0
1520605756.3549442,2018-03-09 14:29:16,56.14,46.85,2300.0
1520605757.3565514,2018-03-09 14:29:17,46.6,46.85,2400.0
1520605758.360196,2018-03-09 14:29:18,49.12,48.5,2400.0
1520605759.3663995,2018-03-09 14:29:19,45.93,48.5,2400.0
1520605760.3688893,2018-03-09 14:29:20,43.78,46.85,2400.0
1520605761.3702784,2018-03-09 14:29:21,43.78,46.85,2400.0
1520605762.371767,2018-03-09 14:29:22,48.62,45.75,1500.0
1520605763.3724627,2018-03-09 14:29:23,54.36,45.2,1500.0
1520605764.3739047,2018-03-09 14:29:24,55.36,48.5,2400.0
1520605765.3753211,2018-03-09 14:29:25,48.87,47.4,2400.0
1520605766.3771749,2018-03-09 14:29:26,46.37,47.4,2400.0
1520605767.380241,2018-03-09 14:29:27,46.75,47.95,2400.0
1520605768.38489,2018-03-09 14:29:28,43.64,48.5,2400.0
1520605769.3862703,2018-03-09 14:29:29,41.21,45.2,2200.0
1520605770.3876903,2018-03-09 14:29:30,51.13,45.75,1500.0
1520605771.389116,2018-03-09 14:29:31,54.39,46.85,1600.0
1520605772.3905485,2018-03-09 14:29:32,55.75,47.4,2400.0
1520605773.3922718,2018-03-09 14:29:33,46.0,46.85,2400.0
1520605774.3949301,2018-03-09 14:29:34,52.23,47.4,2400.0
1520605775.398422,2018-03-09 14:29:35,45.5,47.4,2400.0
1520605776.4001966,2018-03-09 14:29:36,43.32,46.85,2300.0
1520605777.401721,2018-03-09 14:29:37,47.63,45.2,1500.0
1520605778.4031463,2018-03-09 14:29:38,54.34,46.85,1500.0
1520605779.4045625,2018-03-09 14:29:39,56.53,46.85,2400.0
1520605780.4061291,2018-03-09 14:29:40,47.01,47.4,2400.0
1520605781.4089198,2018-03-09 14:29:41,49.88,47.95,2400.0
1520605782.410734,2018-03-09 14:29:42,45.36,47.95,2400.0
1520605783.4128911,2018-03-09 14:29:43,40.4,46.85,2400.0
1520605784.4143326,2018-03-09 14:29:44,43.89,45.2,1500.0
1520605785.4157438,2018-03-09 14:29:45,55.47,45.2,1500.0
1520605786.4168963,2018-03-09 14:29:46,55.86,47.95,1500.0
1520605787.4184844,2018-03-09 14:29:47,47.62,46.85,2400.0
1520605788.421038,2018-03-09 14:29:48,49.5,47.95,2400.0
1520605789.424918,2018-03-09 14:29:49,45.16,47.4,2400.0
1520605790.426889,2018-03-09 14:29:50,39.95,46.3,2300.0
1520605791.42844,2018-03-09 14:29:51,48.5,46.3,1500.0
1520605792.4298565,2018-03-09 14:29:52,55.16,45.75,1500.0
1520605793.4315348,2018-03-09 14:29:53,54.98,46.85,2400.0
1520605794.436231,2018-03-09 14:29:54,46.35,46.85,2400.0
1520605795.4391692,2018-03-09 14:29:55,47.54,48.5,2400.0
1520605796.4406233,2018-03-09 14:29:56,42.39,46.85,2400.0
1520605797.4420462,2018-03-09 14:29:57,42.89,46.85,2300.0
1520605798.443536,2018-03-09 14:29:58,49.63,45.75,1500.0
1520605799.44489,2018-03-09 14:29:59,56.78,46.85,2400.0
1520605800.4462836,2018-03-09 14:30:00,51.25,47.95,2400.0
1520605801.4480085,2018-03-09 14:30:01,46.72,46.85,2400.0
1520605802.4489684,2018-03-09 14:30:02,46.52,47.95,2400.0
1520605803.451112,2018-03-09 14:30:03,42.64,47.4,2400.0
1520605804.4525042,2018-03-09 14:30:04,42.89,46.3,2100.0
1520605805.4540083,2018-03-09 14:30:05,52.97,45.75,1500.0
1520605806.455425,2018-03-09 14:30:06,55.3,46.85,2400.0
1520605807.457091,2018-03-09 14:30:07,48.88,46.85,2400.0
1520605808.460727,2018-03-09 14:30:08,49.38,47.4,2400.0
1520605809.462906,2018-03-09 14:30:09,45.64,47.95,2400.0
1520605810.4642968,2018-03-09 14:30:10,42.0,46.85,2400.0
1520605811.46489,2018-03-09 14:30:11,46.87,45.75,1600.0
1520605812.4663155,2018-03-09 14:30:12,56.36,46.3,1500.0
1520605813.4679484,2018-03-09 14:30:13,54.5,47.4,2400.0
1520605814.472369,2018-03-09 14:30:14,45.25,46.85,2400.0
1520605815.4749558,2018-03-09 14:30:15,48.99,47.4,2400.0
1520605816.4784687,2018-03-09 14:30:16,45.02,46.85,2400.0
1520605817.4798672,2018-03-09 14:30:17,41.16,46.3,2400.0
1520605818.4812953,2018-03-09 14:30:18,48.36,45.75,1500.0
1520605819.4827154,2018-03-09 14:30:19,59.2,46.3,1500.0
1520605820.4841661,2018-03-09 14:30:20,51.01,47.95,2400.0
1520605821.4850726,2018-03-09 14:30:21,47.62,48.5,2400.0
1520605822.4882064,2018-03-09 14:30:22,45.66,48.5,2400.0
1520605823.4943333,2018-03-09 14:30:23,41.9,46.3,2400.0
1520605824.4957867,2018-03-09 14:30:24,43.75,45.75,1600.0
1520605825.498598,2018-03-09 14:30:25,52.99,46.3,1500.0
1520605826.500046,2018-03-09 14:30:26,58.4,47.4,2400.0
1520605827.5014682,2018-03-09 14:30:27,49.88,46.85,2400.0
1520605828.5046396,2018-03-09 14:30:28,45.71,46.85,2400.0
1520605829.5076745,2018-03-09 14:30:29,45.11,46.3,2400.0
1520605830.5088904,2018-03-09 14:30:30,41.4,46.85,2400.0
1520605831.5103042,2018-03-09 14:30:31,41.6,45.75,1500.0
1520605832.5136707,2018-03-09 14:30:32,54.41,46.85,1500.0
1520605833.5153306,2018-03-09 14:30:33,55.83,47.4,2400.0
1520605834.516902,2018-03-09 14:30:34,51.24,47.4,2400.0
1520605835.51835,2018-03-09 14:30:35,45.23,49.05,2400.0
1520605836.5200686,2018-03-09 14:30:36,41.31,47.4,2400.0
1520605837.5210414,2018-03-09 14:30:37,43.0,45.75,1500.0
1520605838.5236194,2018-03-09 14:30:38,53.98,45.75,1500.0
1520605839.525042,2018-03-09 14:30:39,54.89,46.85,2400.0
1520605840.5265086,2018-03-09 14:30:40,49.75,47.95,2400.0
1520605841.5307417,2018-03-09 14:30:41,48.02,47.4,2400.0
1520605842.5353825,2018-03-09 14:30:42,44.03,47.4,2400.0
1520605843.5367482,2018-03-09 14:30:43,40.59,45.2,2300.0
1520605844.5382087,2018-03-09 14:30:44,46.48,45.75,1500.0
1520605845.5396292,2018-03-09 14:30:45,54.36,47.4,1500.0
1520605846.5409226,2018-03-09 14:30:46,56.89,46.3,2400.0
1520605847.5424688,2018-03-09 14:30:47,45.0,46.85,2400.0
1520605848.544901,2018-03-09 14:30:48,50.62,49.05,2400.0
1520605849.546318,2018-03-09 14:30:49,42.25,46.3,2400.0
1520605850.5477152,2018-03-09 14:30:50,42.0,46.3,2400.0
1520605851.5491786,2018-03-09 14:30:51,49.25,46.3,1500.0
1520605852.5506158,2018-03-09 14:30:52,58.91,45.75,1500.0
1520605853.5521765,2018-03-09 14:30:53,54.43,47.95,2400.0
1520605854.5552218,2018-03-09 14:30:54,45.89,47.95,2400.0
1520605855.5567968,2018-03-09 14:30:55,49.25,48.5,2400.0
1520605856.5586338,2018-03-09 14:30:56,43.97,47.4,2400.0
1520605857.564312,2018-03-09 14:30:57,40.65,47.4,2400.0
1520605858.5648952,2018-03-09 14:30:58,46.5,45.75,1500.0
1520605859.5663102,2018-03-09 14:30:59,54.21,45.75,1600.0
1520605860.5677152,2018-03-09 14:31:00,54.55,47.95,2400.0
1520605861.5691864,2018-03-09 14:31:01,44.86,47.4,2400.0
1520605862.5717463,2018-03-09 14:31:02,51.5,48.5,2400.0
1520605863.5762217,2018-03-09 14:31:03,45.09,48.5,2400.0
1520605864.5768907,2018-03-09 14:31:04,40.4,46.85,2400.0
1520605865.578337,2018-03-09 14:31:05,47.1,45.75,1500.0
1520605866.5797572,2018-03-09 14:31:06,57.53,46.85,1500.0
1520605867.5813472,2018-03-09 14:31:07,52.37,47.95,2400.0
1520605868.5847628,2018-03-09 14:31:08,53.63,47.4,2400.0
1520605869.5873723,2018-03-09 14:31:09,59.25,49.05,2400.0
1520605870.5889182,2018-03-09 14:31:10,44.86,47.4,2400.0
1520605871.590311,2018-03-09 14:31:11,41.71,47.95,2400.0
1520605872.5915997,2018-03-09 14:31:12,41.65,45.75,1500.0
1520605873.5945296,2018-03-09 14:31:13,53.62,46.3,1500.0
1520605874.5959308,2018-03-09 14:31:14,55.3,46.85,2400.0
1520605875.5970962,2018-03-09 14:31:15,45.5,47.95,2400.0
1520605876.60103,2018-03-09 14:31:16,50.87,48.5,2400.0
1520605877.605145,2018-03-09 14:31:17,45.64,48.5,2400.0
1520605878.6065366,2018-03-09 14:31:18,42.68,46.85,2400.0
1520605879.6078205,2018-03-09 14:31:19,43.28,46.3,1500.0
1520605880.6095152,2018-03-09 14:31:20,51.25,46.3,1500.0
1520605881.610938,2018-03-09 14:31:21,54.39,46.3,1500.0
1520605882.612561,2018-03-09 14:31:22,52.12,47.4,2400.0
1520605883.6162348,2018-03-09 14:31:23,45.48,47.4,2400.0
1520605884.616955,2018-03-09 14:31:24,50.62,47.4,2400.0
1520605885.6187015,2018-03-09 14:31:25,46.21,47.95,2400.0
1520605886.6209316,2018-03-09 14:31:26,40.8,45.2,2400.0
1520605887.6224015,2018-03-09 14:31:27,52.02,48.5,2400.0
1520605888.6237476,2018-03-09 14:31:28,61.94,47.4,2400.0
1520605889.6248968,2018-03-09 14:31:29,60.45,47.95,1500.0
1520605890.6264498,2018-03-09 14:31:30,44.78,47.4,2400.0
1520605891.6289053,2018-03-09 14:31:31,49.75,47.95,2400.0
1520605892.6315324,2018-03-09 14:31:32,45.98,47.95,2400.0
1520605893.6328893,2018-03-09 14:31:33,41.15,46.3,2400.0
1520605894.6343648,2018-03-09 14:31:34,44.89,45.75,1500.0
1520605895.6360323,2018-03-09 14:31:35,59.75,46.85,1500.0
1520605896.637081,2018-03-09 14:31:36,54.8,48.5,2400.0
1520605897.6388555,2018-03-09 14:31:37,49.25,48.5,2400.0
1520605898.6410842,2018-03-09 14:31:38,58.59,49.6,2400.0
1520605899.6449497,2018-03-09 14:31:39,46.27,47.95,2400.0
1520605900.6465724,2018-03-09 14:31:40,42.29,47.4,2400.0
1520605901.6481369,2018-03-09 14:31:41,44.11,46.3,1500.0
1520605902.6498497,2018-03-09 14:31:42,53.23,46.85,1500.0
1520605903.651271,2018-03-09 14:31:43,54.89,46.85,1700.0
1520605904.6529388,2018-03-09 14:31:44,49.63,47.95,2400.0
1520605905.6569295,2018-03-09 14:31:45,48.64,47.95,2400.0
1520605906.6585174,2018-03-09 14:31:46,53.5,48.5,2400.0
1520605907.660242,2018-03-09 14:31:47,51.13,47.95,2400.0
1520605908.6609013,2018-03-09 14:31:48,43.28,48.5,1900.0
1520605909.6623852,2018-03-09 14:31:49,51.13,47.4,1500.0
1520605910.6638153,2018-03-09 14:31:50,59.35,47.4,2200.0
1520605911.664955,2018-03-09 14:31:51,49.5,47.95,2400.0
1520605912.6667767,2018-03-09 14:31:52,47.89,47.95,2400.0
1520605913.668901,2018-03-09 14:31:53,47.13,48.5,2400.0
1520605914.670289,2018-03-09 14:31:54,43.0,49.05,2400.0
1520605915.6717975,2018-03-09 14:31:55,42.68,47.4,2400.0
1520605916.6746233,2018-03-09 14:31:56,55.36,47.4,1500.0
1520605917.676045,2018-03-09 14:31:57,55.14,46.85,1500.0
1520605918.676911,2018-03-09 14:31:58,53.63,48.5,2400.0
1520605919.6784313,2018-03-09 14:31:59,46.63,48.5,2400.0
1520605920.6810718,2018-03-09 14:32:00,48.25,47.4,2400.0
1520605921.6848383,2018-03-09 14:32:01,44.0,47.95,2400.0
1520605922.6888998,2018-03-09 14:32:02,41.1,46.85,2400.0
1520605923.6903658,2018-03-09 14:32:03,52.87,45.75,2400.0
1520605924.6917098,2018-03-09 14:32:04,58.54,47.4,2400.0
1520605925.693078,2018-03-09 14:32:05,58.85,47.4,2400.0
1520605926.6945674,2018-03-09 14:32:06,46.13,47.4,2400.0
1520605927.6962745,2018-03-09 14:32:07,50.87,48.5,2400.0
1520605928.7002614,2018-03-09 14:32:08,44.91,48.5,2400.0
1520605929.7008917,2018-03-09 14:32:09,41.21,47.4,2400.0
1520605930.7023351,2018-03-09 14:32:10,45.89,46.3,1500.0
1520605931.7037582,2018-03-09 14:32:11,56.17,46.85,2200.0
1520605932.7048879,2018-03-09 14:32:12,59.06,47.95,2400.0
1520605933.7064157,2018-03-09 14:32:13,55.5,48.5,2400.0
1520605934.7090366,2018-03-09 14:32:14,50.13,47.95,2400.0
1520605935.7118845,2018-03-09 14:32:15,43.86,48.5,2400.0
1520605936.712891,2018-03-09 14:32:16,39.9,47.4,2400.0
1520605937.7143106,2018-03-09 14:32:17,46.98,46.3,1500.0
1520605938.7157345,2018-03-09 14:32:18,57.5,46.3,1500.0
1520605939.7170837,2018-03-09 14:32:19,50.87,47.95,2400.0
1520605940.7208984,2018-03-09 14:32:20,47.51,47.95,2400.0
1520605941.7223494,2018-03-09 14:32:21,45.48,49.6,2400.0
1520605942.7237852,2018-03-09 14:32:22,43.39,48.5,2400.0
1520605943.7248933,2018-03-09 14:32:23,39.29,47.4,1700.0
1520605944.7266078,2018-03-09 14:32:24,49.0,46.85,1500.0
1520605945.7280755,2018-03-09 14:32:25,56.47,48.5,2400.0
1520605946.7288864,2018-03-09 14:32:26,53.62,47.4,2400.0
1520605947.7303016,2018-03-09 14:32:27,46.37,47.4,2400.0
1520605948.7320654,2018-03-09 14:32:28,48.63,48.5,2400.0
1520605949.7353766,2018-03-09 14:32:29,44.75,47.95,2400.0
1520605950.7368934,2018-03-09 14:32:30,39.15,46.85,2200.0
1520605951.738772,2018-03-09 14:32:31,56.71,46.85,2400.0
1520605952.740126,2018-03-09 14:32:32,56.78,46.3,2400.0
1520605953.7411294,2018-03-09 14:32:33,47.63,49.05,2400.0
1520605954.7447138,2018-03-09 14:32:34,49.75,48.5,2400.0
1520605955.7463105,2018-03-09 14:32:35,45.59,49.05,2400.0
1520605956.7504056,2018-03-09 14:32:36,42.21,47.95,2400.0
1520605957.7518976,2018-03-09 14:32:37,43.39,47.4,2400.0
1520605958.7546046,2018-03-09 14:32:38,53.1,46.85,1500.0
1520605959.7560418,2018-03-09 14:32:39,57.96,47.95,2400.0
1520605960.7570784,2018-03-09 14:32:40,47.0,48.5,2400.0
1520605961.7626767,2018-03-09 14:32:41,51.5,48.5,2400.0
1520605962.7651567,2018-03-09 14:32:42,44.28,47.4,2400.0
1520605963.7686245,2018-03-09 14:32:43,44.25,48.5,2400.0
1520605964.7701578,2018-03-09 14:32:44,43.67,47.4,2400.0
1520605965.772788,2018-03-09 14:32:45,53.73,46.3,1500.0
1520605966.7742326,2018-03-09 14:32:46,56.5,47.4,2400.0
1520605967.7757628,2018-03-09 14:32:47,55.0,48.5,2400.0
1520605968.7786803,2018-03-09 14:32:48,49.38,49.05,2400.0
1520605969.7818594,2018-03-09 14:32:49,50.12,48.5,2400.0
1520605970.7847605,2018-03-09 14:32:50,40.0,48.5,2400.0
1520605971.7861507,2018-03-09 14:32:51,42.71,47.95,2400.0
1520605972.7876217,2018-03-09 14:32:52,55.67,47.4,2400.0
1520605973.7888837,2018-03-09 14:32:53,61.0,48.5,2400.0
1520605974.790249,2018-03-09 14:32:54,60.49,49.05,2400.0
1520605975.7919211,2018-03-09 14:32:55,55.3,49.6,2400.0
1520605976.7929456,2018-03-09 14:32:56,53.9,49.05,2400.0
1520605977.7946665,2018-03-09 14:32:57,58.9,49.05,2400.0
1520605978.7984645,2018-03-09 14:32:58,52.25,49.6,2400.0
1520605979.800891,2018-03-09 14:32:59,51.88,49.6,2400.0
1520605980.8023872,2018-03-09 14:33:00,52.64,49.6,2400.0
1520605981.8045344,2018-03-09 14:33:01,59.25,50.15,2400.0
1520605982.805895,2018-03-09 14:33:02,60.4,49.05,2400.0
1520605983.8072925,2018-03-09 14:33:03,58.33,49.05,2400.0
1520605984.8088977,2018-03-09 14:33:04,60.3,50.15,2400.0
1520605985.8103645,2018-03-09 14:33:05,53.55,50.15,2200.0
1520605986.8127198,2018-03-09 14:33:06,51.13,49.6,2400.0
1520605987.814147,2018-03-09 14:33:07,52.23,49.6,2400.0
1520605988.8162255,2018-03-09 14:33:08,56.14,47.95,2400.0
1520605989.8175573,2018-03-09 14:33:09,58.35,49.05,2400.0
1520605990.8189144,2018-03-09 14:33:10,60.1,51.25,2400.0
1520605991.8203819,2018-03-09 14:33:11,55.39,49.6,2400.0
1520605992.82291,2018-03-09 14:33:12,58.66,50.7,2400.0
1520605993.8256001,2018-03-09 14:33:13,54.27,49.05,2400.0
1520605994.8308897,2018-03-09 14:33:14,52.87,50.15,2400.0
1520605995.8322766,2018-03-09 14:33:15,50.88,49.6,2400.0
1520605996.8337214,2018-03-09 14:33:16,55.31,49.6,2400.0
1520605997.8350427,2018-03-09 14:33:17,59.1,49.05,2400.0
1520605998.8363717,2018-03-09 14:33:18,61.25,49.6,2400.0
1520605999.8371096,2018-03-09 14:33:19,56.14,50.15,2400.0
1520606000.8411622,2018-03-09 14:33:20,60.1,50.7,2400.0
1520606001.8427012,2018-03-09 14:33:21,56.78,51.25,2400.0
1520606002.8444312,2018-03-09 14:33:22,53.27,50.7,2400.0
1520606003.8448923,2018-03-09 14:33:23,51.26,49.05,2400.0
1520606004.8463295,2018-03-09 14:33:24,54.02,50.7,2400.0
1520606005.8476546,2018-03-09 14:33:25,60.6,49.05,2400.0
1520606006.8490264,2018-03-09 14:33:26,58.06,49.6,2400.0
1520606007.852719,2018-03-09 14:33:27,58.6,50.15,2400.0
1520606008.8557382,2018-03-09 14:33:28,58.4,50.15,2400.0
1520606009.8591177,2018-03-09 14:33:29,55.86,50.7,2400.0
1520606010.860511,2018-03-09 14:33:30,49.87,50.7,2400.0
1520606011.861976,2018-03-09 14:33:31,57.43,50.7,2400.0
1520606012.863315,2018-03-09 14:33:32,59.5,50.15,2400.0
1520606013.8646717,2018-03-09 14:33:33,62.59,50.7,2400.0
1520606014.8664024,2018-03-09 14:33:34,56.44,50.7,2400.0
1520606015.8707013,2018-03-09 14:33:35,58.46,50.15,2000.0
1520606016.8722074,2018-03-09 14:33:36,55.56,51.25,2400.0
1520606017.8739476,2018-03-09 14:33:37,53.0,51.25,2400.0
1520606018.8753557,2018-03-09 14:33:38,50.38,50.15,2400.0
1520606019.876904,2018-03-09 14:33:39,57.58,51.25,2400.0
1520606020.8782501,2018-03-09 14:33:40,62.22,49.6,2400.0
1520606021.8798816,2018-03-09 14:33:41,55.92,50.15,2400.0
1520606022.8841562,2018-03-09 14:33:42,58.42,50.7,2300.0
1520606023.889005,2018-03-09 14:33:43,52.49,50.7,2400.0
1520606024.8919792,2018-03-09 14:33:44,50.0,49.6,2400.0
1520606025.8933964,2018-03-09 14:33:45,53.5,49.6,2400.0
1520606026.8947327,2018-03-09 14:33:46,60.1,50.15,2400.0
1520606027.8960805,2018-03-09 14:33:47,58.75,49.6,2400.0
1520606028.8970695,2018-03-09 14:33:48,55.36,50.15,2400.0
1520606029.9005466,2018-03-09 14:33:49,60.5,51.8,2400.0
1520606030.9034882,2018-03-09 14:33:50,55.83,50.7,2400.0
1520606031.9064755,2018-03-09 14:33:51,53.52,50.7,2400.0
1520606032.907876,2018-03-09 14:33:52,51.38,50.7,2400.0
1520606033.9089353,2018-03-09 14:33:53,53.9,51.25,2400.0
1520606034.910469,2018-03-09 14:33:54,60.79,50.7,2400.0
1520606035.9118192,2018-03-09 14:33:55,59.9,51.25,2400.0
1520606036.9130921,2018-03-09 14:33:56,59.2,49.05,2400.0
1520606037.9176521,2018-03-09 14:33:57,57.43,50.15,2400.0
1520606038.919958,2018-03-09 14:33:58,57.54,51.25,2400.0
1520606039.920891,2018-03-09 14:33:59,49.5,50.7,2400.0
1520606040.9223058,2018-03-09 14:34:00,48.61,50.15,2400.0
1520606041.923877,2018-03-09 14:34:01,56.78,48.5,2400.0
1520606042.9252121,2018-03-09 14:34:02,60.05,50.15,2400.0
1520606043.9265628,2018-03-09 14:34:03,6.0,46.3,1500.0
1520606044.9280095,2018-03-09 14:34:04,0.0,47.95,1500.0
1520606045.9292367,2018-03-09 14:34:05,0.0,46.85,1500.0
